Stagione;Nome;Ruolo
2019-20;ACERBI;DC
2019-20;ADEKANYE;A
2019-20;ADJAPONG;"DD; E"
2019-20;ADOPO;C
2019-20;ADORANTE;PC
2019-20;AGOUME;C
2019-20;AGUDELO;C
2019-20;AINA;E
2019-20;ALASTRA;Por
2019-20;ALEX SANDRO;"DS; E"
2019-20;ALFONSO;Por
2019-20;ALLAN;"M; C"
2019-20;AMRABAT;"E; M"
2019-20;ANDERSON A;T
2019-20;ANDRENACCI;Por
2019-20;ANKERSEN;"DD; E"
2019-20;ANSALDI;E
2019-20;ANTONUCCI;A
2019-20;ARANA;E
2019-20;ARESTI;Por
2019-20;ASAMOAH;"DS; E"
2019-20;AUDERO;Por
2019-20;AUGELLO;"DS; E"
2019-20;AVOGADRI;Por
2019-20;AYE';PC
2019-20;BABACAR;PC
2019-20;BADELJ;"M; C"
2019-20;BADU;"M; C"
2019-20;BAHLOULI;A
2019-20;BALOTELLI;PC
2019-20;BANI;DC
2019-20;BARAK;T
2019-20;BARELLA;"M; C"
2019-20;BARILLA';C
2019-20;BARRECA;"DS; E"
2019-20;BARRETO;"M; C"
2019-20;BARROW;PC
2019-20;BASELLI;"C; T"
2019-20;BASTONI;DC
2019-20;BASTOS;DC
2019-20;BEGOVIC;Por
2019-20;BEHRAMI;"M; C"
2019-20;BELOTTI;PC
2019-20;BENASSI;C
2019-20;BENNACER;"M; C"
2019-20;BENTANCUR;C
2019-20;BENZAR;"DD; E"
2019-20;BERARDI;A
2019-20;BERARDI A;Por
2019-20;BERENGUER;W
2019-20;BERESZYNSKI;"DD; E"
2019-20;BERISHA E;Por
2019-20;BERISHA V;"C; T"
2019-20;BERNARDESCHI;"W; A"
2019-20;BERNI;Por
2019-20;BERTOLACCI;C
2019-20;BESSA;"C; T"
2019-20;BIANDA;DC
2019-20;BIGLIA;"M; C"
2019-20;BIRAGHI;"DS; E"
2019-20;BIRASCHI;"DD; DC"
2019-20;BIRSA;T
2019-20;BISOLI;"M; C"
2019-20;BJARNASON;C
2019-20;BLEVE;Por
2019-20;BOATENG;A
2019-20;BOCCHETTI;"DS; DC"
2019-20;BOGA;"W; A"
2019-20;BONAVENTURA;"C; W; T"
2019-20;BONAZZOLI;PC
2019-20;BONIFAZI;DC
2019-20;BONUCCI;DC
2019-20;BORGHETTO;Por
2019-20;BORINI;W
2019-20;BORJA VALERO;C
2019-20;BOUAH;"DD; E"
2019-20;BOURABIA;C
2019-20;BRANCOLINI;Por
2019-20;BREMER;DC
2019-20;BROZOVIC;C
2019-20;BRUGMAN;"M; C"
2019-20;BRUNO ALVES;DC
2019-20;BRUNO PERES;"DD; E"
2019-20;BUFFON;Por
2019-20;BUONGIORNO;DC
2019-20;CACCIATORE;"DD; DS; E"
2019-20;CACERES;"DD; DC"
2019-20;CAICEDO;PC
2019-20;CALABRIA;"DD; E"
2019-20;CALDARA;DC
2019-20;CALDERONI;"DS; E"
2019-20;CALHANOGLU;T
2019-20;CALLEJON;W
2019-20;CAMBIAGHI;A
2019-20;CAN;"M; C"
2019-20;CANDREVA;"E; W"
2019-20;CANGIANO;A
2019-20;CAPRARI;A
2019-20;CAPUTO;PC
2019-20;CARLES PEREZ;A
2019-20;CASSATA;C
2019-20;CASTAGNE;E
2019-20;CASTILLEJO;"W; A"
2019-20;CASTRO;"C; T"
2019-20;CASTROVILLI;"C; T"
2019-20;CATALDI;"M; C"
2019-20;CECCHERINI;"DD; DC"
2019-20;CEPPITELLI;DC
2019-20;CEROFOLINI;Por
2019-20;CERRI;PC
2019-20;CETIN;DC
2019-20;CHABOT;DC
2019-20;CHANCELLOR;DC
2019-20;CHIELLINI;DC
2019-20;CHIESA;"W; A"
2019-20;CHIRICHES;DC
2019-20;CICIRETTI;"W; T"
2019-20;CIGARINI;"M; C"
2019-20;CIONEK;DC
2019-20;CIPRIANO;DC
2019-20;CISTANA;"DD; DC"
2019-20;CLEONISE;A
2019-20;COLLEY;DC
2019-20;COLLEY E.;"C; W; T"
2019-20;COLOMBI;Por
2019-20;CONSIGLI;Por
2019-20;CONTI;"DD; E"
2019-20;CORBO;DC
2019-20;CORNELIUS;PC
2019-20;CORREA;A
2019-20;CRAGNO;Por
2019-20;CRESCENZI;"DD; DS; E"
2019-20;CRISCITO;"DS; DC; E"
2019-20;CRISTANTE;C
2019-20;CRISTOFORO;"M; C"
2019-20;CUADRADO;"E; W"
2019-20;CURCIO;"DS; E"
2019-20;CUTRONE;PC
2019-20;CZYBORRA;"DS; E"
2019-20;DA COSTA;Por
2019-20;DABO;"M; C"
2019-20;DALBERT;"DS; E"
2019-20;D'ALESSANDRO;E
2019-20;D'AMBROSIO;"DD; DS; DC"
2019-20;DANILO;"DD; DS; E"
2019-20;DANILO LAR.;DC
2019-20;DANZI;"M; C"
2019-20;DARMIAN;"DD; DS; E"
2019-20;DAWIDOWICZ;DC
2019-20;DE ANGELIS;"C; T"
2019-20;DE LIGT;DC
2019-20;DE MAIO;DC
2019-20;DE PAUL;"T; A"
2019-20;DE ROON;"M; C"
2019-20;DE SCIGLIO;"DD; DS; E"
2019-20;DE SILVESTRI;"DD; E"
2019-20;DE VRIJ;DC
2019-20;DEFREL;A
2019-20;DEIOLA;C
2019-20;DELL'ORCO;"DS; DC"
2019-20;DEMIRAL;DC
2019-20;DEMME;M
2019-20;DENSWIL;"DS; DC"
2019-20;DEPAOLI;"DD; E"
2019-20;DERMAKU;DC
2019-20;DESSENA;"E; M"
2019-20;DESTRO;PC
2019-20;DI CARMINE;PC
2019-20;DI FRANCESCO F;W
2019-20;DI GAUDIO;W
2019-20;DI LORENZO;"DD; E"
2019-20;DIAWARA;"M; C"
2019-20;DIJKS;"DS; E"
2019-20;DIMARCO;"DS; E"
2019-20;DJIDJI;"DS; DC"
2019-20;DJIMSITI;DC
2019-20;DJURICIC;T
2019-20;DOMINGUEZ;C
2019-20;DONATI;"DD; E"
2019-20;DONNARUMMA AL;PC
2019-20;DONNARUMMA AN.;Por
2019-20;DONNARUMMA G.;Por
2019-20;DOUGLAS COSTA;W
2019-20;DRAGOWSKI;Por
2019-20;DUARTE;DC
2019-20;DUBICKAS;A
2019-20;DUNCAN;"M; C"
2019-20;DURMISI;"DS; E"
2019-20;DYBALA;A
2019-20;DZEKO;PC
2019-20;DZEMAILI;"C; T"
2019-20;EDERA;A
2019-20;EKDAL;"M; C"
2019-20;EL YAMIQ;DC
2019-20;ELMAS;"C; T"
2019-20;EMPEREUR;"DS; DC"
2019-20;ERIKSEN;T
2019-20;ESPOSITO;PC
2019-20;EYSSERIC;"W; T"
2019-20;FAGIOLI;T
2019-20;FALCO;A
2019-20;FALCONE;Por
2019-20;FARAGO';"E; C"
2019-20;FARAONI;"DD; E"
2019-20;FARES;E
2019-20;FARIAS;A
2019-20;FAVILLI;PC
2019-20;FAZIO;DC
2019-20;FELIPE;DC
2019-20;FERRARI A.;"DD; DC"
2019-20;FERRARI G.;DC
2019-20;FIAMOZZI;"DD; E"
2019-20;FLOCCARI;PC
2019-20;FLORENZI;"DD; E"
2019-20;FOFANA;"M; C"
2019-20;FREULER;C
2019-20;FUZATO;Por
2019-20;GABBIA;DC
2019-20;GABBIADINI;A
2019-20;GABRIEL;Por
2019-20;GAETANO;T
2019-20;GAGLIARDINI;"M; C"
2019-20;GAGLIOLO;"DS; DC"
2019-20;GALLO;"DS; E"
2019-20;GASOLINA WESLEY;"DD; E"
2019-20;GASTALDELLO;DC
2019-20;GERVINHO;A
2019-20;GHEZZAL;"W; A"
2019-20;GHIGLIONE;"DD; E"
2019-20;GHOULAM;"DS; E"
2019-20;GODIN;DC
2019-20;GOLDANIGA;DC
2019-20;GOLLINI;Por
2019-20;GOMEZ;"T; A"
2019-20;GOSENS;E
2019-20;GRASSI;C
2019-20;GUERRIERI;Por
2019-20;GUMUS;A
2019-20;GUNTER;DC
2019-20;HAN;PC
2019-20;HANDANOVIC;Por
2019-20;HARASLIN;"W; A"
2019-20;HATEBOER;E
2019-20;HENDERSON L.;C
2019-20;HERNANDEZ T.;"DS; E"
2019-20;HERNANI;"M; C"
2019-20;HIGUAIN;PC
2019-20;HYSAJ;"DD; DS; E"
2019-20;IACOPONI;"DD; DC"
2019-20;IAGO FALQUE;A
2019-20;IBANEZ;DC
2019-20;IBRAHIMOVIC;PC
2019-20;IGOR;"DS; DC"
2019-20;ILICIC;A
2019-20;IMBULA;"M; C"
2019-20;IMMOBILE;PC
2019-20;INGLESE;PC
2019-20;INSIGNE;A
2019-20;IONITA;"C; T"
2019-20;IZZO;"DD; DC"
2019-20;JAGIELLO;C
2019-20;JAJALO;"M; C"
2019-20;JANDREI;Por
2019-20;JANKOVIC;"W; T"
2019-20;JANKTO;C
2019-20;JOAO PEDRO;A
2019-20;JONY;"E; W"
2019-20;JORGE SILVA;DC
2019-20;JORONEN;Por
2019-20;JUAN JESUS;"DS; DC"
2019-20;JUWARA;A
2019-20;KALINIC;PC
2019-20;KARAMOH;A
2019-20;KARNEZIS;Por
2019-20;KESSIE';C
2019-20;KHEDIRA;C
2019-20;KJAER;DC
2019-20;KLAVAN;DC
2019-20;KLUIVERT;W
2019-20;KOLAROV;"DS; E"
2019-20;KOUAME';A
2019-20;KOULIBALY;DC
2019-20;KREJCI;E
2019-20;KRUNIC;"C; T"
2019-20;KUCKA;"M; C"
2019-20;KULUSEVSKI;"C; T"
2019-20;KUMBULLA;DC
2019-20;KURTIC;"C; T"
2019-20;KYRIAKOPOULOS;"DS; E"
2019-20;LA MANTIA;PC
2019-20;LAPADULA;PC
2019-20;LASAGNA;PC
2019-20;LAURINI;"DD; E"
2019-20;LAXALT;E
2019-20;LAZARO;E
2019-20;LAZOVIC;"E; W"
2019-20;LAZZARI;E
2019-20;LERAGER;"M; C"
2019-20;LERIS;"C; W"
2019-20;LETICA;Por
2019-20;LINETTY;C
2019-20;LIROLA;"DD; E"
2019-20;LLORENTE;PC
2019-20;LO FASO;"T; A"
2019-20;LOBOTKA;"M; C"
2019-20;LOCATELLI;"M; C"
2019-20;LOZANO;A
2019-20;LUCAS FELIPPE;C
2019-20;LUCAS LEIVA;"M; C"
2019-20;LUCIONI;DC
2019-20;LUIS ALBERTO;T
2019-20;LUIZ FELIPE;DC
2019-20;LUKAKU;PC
2019-20;LUKAKU J.;E
2019-20;LUKIC;C
2019-20;LULIC;"E; C"
2019-20;LUPERTO;"DS; DC"
2019-20;LYANCO;DC
2019-20;LYKOGIANNIS;"DS; E"
2019-20;MAGNANELLI;M
2019-20;MAGNANI;DC
2019-20;MAJER;"C; T"
2019-20;MAKSIMOVIC;"DD; DC"
2019-20;MALCUIT;"DD; E"
2019-20;MALDINI;"T; A"
2019-20;MALINOVSKYI;"C; T"
2019-20;MANCINI;DC
2019-20;MANCOSU;T
2019-20;MANDRAGORA;"M; C"
2019-20;MANDZUKIC;PC
2019-20;MANGRAVITI;DC
2019-20;MANOLAS;DC
2019-20;MARCHETTI;Por
2019-20;MARIO RUI;"DS; E"
2019-20;MARLON;DC
2019-20;MARONI;T
2019-20;MARTELLA;"DS; E"
2019-20;MARTINEZ L.;PC
2019-20;MARUSIC;E
2019-20;MASIELLO;"DD; DC"
2019-20;MATEJU;"DD; DS; E"
2019-20;MATRI;PC
2019-20;MATTIELLO;"DD; DS; E"
2019-20;MATUIDI;"M; C"
2019-20;MAZZITELLI;C
2019-20;MBAYE;"DD; DS; E"
2019-20;MECCARIELLO;DC
2019-20;MEDEL;M
2019-20;MEITE';"M; C"
2019-20;MERET;Por
2019-20;MERTENS;PC
2019-20;MIGUEL VELOSO;"M; C"
2019-20;MILENKOVIC;"DD; DC"
2019-20;MILIK;PC
2019-20;MILINKOVIC-SAVIC;"C; T"
2019-20;MILLICO;A
2019-20;MIRANTE;Por
2019-20;MISSIROLI;"M; C"
2019-20;MKHITARYAN;"T; A"
2019-20;MONCINI;PC
2019-20;MONTIEL;"T; A"
2019-20;MOROSINI;"T; A"
2019-20;MOSES;"E; W"
2019-20;MULDUR;"DD; DC"
2019-20;MURGIA;"M; C"
2019-20;MURIEL;PC
2019-20;MURILLO;DC
2019-20;MURRU;"DS; E"
2019-20;MUSACCHIO;DC
2019-20;MUSSO;Por
2019-20;NAINGGOLAN;"C; T"
2019-20;NANDEZ;"M; C"
2019-20;NDOJ;C
2019-20;NESTOROVSKI;PC
2019-20;NICOLAS;Por
2019-20;N'KOULOU;DC
2019-20;NUYTINCK;DC
2019-20;OBIANG;"M; C"
2019-20;OKAKA;PC
2019-20;OKOLI;DC
2019-20;OLIVA;M
2019-20;OLIVERA M;"DS; E"
2019-20;OLSEN;Por
2019-20;OPOKU;DC
2019-20;ORSOLINI;"W; A"
2019-20;OSPINA;Por
2019-20;PADELLI;Por
2019-20;PAJAC;"DS; E"
2019-20;PALACIO;A
2019-20;PALOMINO;DC
2019-20;PALOSCHI;PC
2019-20;PANDEV;"T; A"
2019-20;PAQUETA';T
2019-20;PARIGINI;W
2019-20;PAROLO;"M; C"
2019-20;PASALIC;"C; T"
2019-20;PASTORE;T
2019-20;PATRIC;"DD; DC; E"
2019-20;PAU LOPEZ;Por
2019-20;PAVOLETTI;PC
2019-20;PAZ;"DS; DC"
2019-20;PAZZINI;PC
2019-20;PEDRO G.;PC
2019-20;PEGOLO;Por
2019-20;PELLEGRINI LO.;"C; T"
2019-20;PELLEGRINI LU.;"DS; E"
2019-20;PELUSO;"DS; DC"
2019-20;PEREIRO;"T; A"
2019-20;PERIN;Por
2019-20;PERISAN;Por
2019-20;PEROTTI;W
2019-20;PESSINA;C
2019-20;PETAGNA;PC
2019-20;PETRICCIONE;C
2019-20;PEZZELLA GER.;DC
2019-20;PEZZELLA GIU.;"DS; E"
2019-20;PIATEK;PC
2019-20;PICCOLI;PC
2019-20;PINAMONTI;PC
2019-20;PINNA;"DD; E"
2019-20;PINSOGLIO;Por
2019-20;PISACANE;"DD; DS; DC"
2019-20;PJACA;A
2019-20;PJANIC;C
2019-20;POLI;"M; C"
2019-20;POLITANO;"W; A"
2019-20;PORTANOVA;C
2019-20;PROTO;Por
2019-20;PULGAR;"M; C"
2019-20;PUSSETTO;"W; A"
2019-20;QUAGLIARELLA;PC
2019-20;RABIOT;C
2019-20;RADOVANOVIC;M
2019-20;RADU;"DS; DC"
2019-20;RADU I.;Por
2019-20;RADUNOVIC;Por
2019-20;RAFAEL;Por
2019-20;RAFAEL LEAO;PC
2019-20;RAGATZU;A
2019-20;RAMIREZ;T
2019-20;RAMSEY;T
2019-20;RANIERI L;"DS; DC"
2019-20;RANOCCHIA;DC
2019-20;RASMUSSEN;DC
2019-20;RASPADORI;PC
2019-20;RAUTI;PC
2019-20;REBIC;A
2019-20;RECA;"DS; E"
2019-20;REGINI;"DS; DC; E"
2019-20;REINA;Por
2019-20;RIBERY;"W; A"
2019-20;RICCARDI;"C; T"
2019-20;RICCARDI D;DC
2019-20;RIGONI E;A
2019-20;RINCON;M
2019-20;RISPOLI;"DD; E"
2019-20;RIZZO N;DC
2019-20;RODRIGO BECAO;DC
2019-20;RODRIGUEZ R.;"DS; E"
2019-20;ROG;C
2019-20;ROGERIO;"DS; E"
2019-20;ROMAGNA;DC
2019-20;ROMAGNOLI;DC
2019-20;ROMERO;DC
2019-20;ROMULO;"E; M"
2019-20;RONALDO;PC
2019-20;ROSATI;Por
2019-20;ROSSETTINI;"DD; DC"
2019-20;ROSSI F.;Por
2019-20;ROVELLA;"M; C"
2019-20;RRAHMANI;"DD; DS; DC"
2019-20;RUGANI;DC
2019-20;RUIZ;"C; T"
2019-20;RUSSO A;Por
2019-20;SABELLI;"DD; E"
2019-20;SAELEMAEKERS;"W; A"
2019-20;SALA;"DD; E"
2019-20;SALAMON;DC
2019-20;SALCEDO E.;PC
2019-20;SAMIR;"DS; DC"
2019-20;SANABRIA;PC
2019-20;SANCHEZ;A
2019-20;SANDRO;"M; C"
2019-20;SANSONE;A
2019-20;SANTANDER;PC
2019-20;SANTON;"DD; DS; E"
2019-20;SAPONARA;T
2019-20;SARR M.;Por
2019-20;SCHONE;C
2019-20;SCHOUTEN;"C; T"
2019-20;SCOZZARELLA;"M; C"
2019-20;SECULIN;Por
2019-20;SEMA;E
2019-20;SEMPRINI;"DD; DC; E"
2019-20;SENSI;C
2019-20;SEPE;Por
2019-20;SHAKHOV;"M; C"
2019-20;SIERRALTA;"DD; DC"
2019-20;SILIGARDI;W
2019-20;SILVESTRI;Por
2019-20;SIMEONE;PC
2019-20;SIRIGU;Por
2019-20;SKORUPSKI;Por
2019-20;SKOV OLSEN;A
2019-20;SKRABB;"T; A"
2019-20;SKRINIAR;DC
2019-20;SMALLING;DC
2019-20;SORIANO;T
2019-20;SOTTIL;A
2019-20;SOUMAORO;DC
2019-20;SPALEK;T
2019-20;SPINAZZOLA;"DS; E"
2019-20;SPORTIELLO;Por
2019-20;SPROCATI;"W; A"
2019-20;STEPINSKI;PC
2019-20;STRAKOSHA;Por
2019-20;STREFEZZA;"E; W"
2019-20;STRYGER LARSEN;"DD; DC; E"
2019-20;STURARO;"M; C"
2019-20;SUSO;"W; A"
2019-20;SVANBERG;C
2019-20;SZCZESNY;Por
2019-20;TABANELLI;"C; T"
2019-20;TACHTSIDIS;M
2019-20;TEODORCZYK;PC
2019-20;TER AVEST;"DD; E"
2019-20;TERRACCIANO;Por
2019-20;TERZIC;"DS; E"
2019-20;THEREAU;A
2019-20;THIAM D;Por
2019-20;THORSBY;C
2019-20;TOLJAN;"DD; DS; E"
2019-20;TOLOI;DC
2019-20;TOMIYASU;"DD; DC"
2019-20;TOMOVIC;"DD; DC"
2019-20;TONALI;"M; C"
2019-20;TONELLI;DC
2019-20;TORREGROSSA;PC
2019-20;TRAORE' AM.;A
2019-20;TRAORE' HJ.;"C; T"
2019-20;TREMOLADA;T
2019-20;TRIPALDELLI;"DS; E"
2019-20;TROOST-EKONG;DC
2019-20;TUNJOV;"C; T"
2019-20;TUPTA;PC
2019-20;TURATI;Por
2019-20;TUTINO;A
2019-20;UJKANI;Por
2019-20;UNDER;"W; A"
2019-20;VALDIFIORI;C
2019-20;VALOTI;"C; T"
2019-20;VAVRO;DC
2019-20;VECINO;"M; C"
2019-20;VENUTI;"DD; DS; E"
2019-20;VERA;"DS; E"
2019-20;VERDI;"W; A"
2019-20;VERETOUT;C
2019-20;VERRE;"C; T"
2019-20;VICARI;DC
2019-20;VIEIRA;"M; C"
2019-20;VIGORITO;Por
2019-20;VILLAR;C
2019-20;VITALE L;"DS; E"
2019-20;VIVIANI M;"M; C"
2019-20;VLAHOVIC;PC
2019-20;VODISEK;Por
2019-20;WALACE;M
2019-20;WALUKIEWICZ;DC
2019-20;YOUNES;"W; A"
2019-20;YOUNG;"DD; DS; E"
2019-20;ZACCAGNI;"C; T"
2019-20;ZACCAGNO;Por
2019-20;ZANIOLO;T
2019-20;ZAPATA C.;DC
2019-20;ZAPATA D.;PC
2019-20;ZAPPACOSTA;"DD; E"
2019-20;ZAZA;PC
2019-20;ZEEGELAAR;E
2019-20;ZENNARO;"C; T"
2019-20;ZIELINSKI;"C; T"
2019-20;ZMRHAL;"C; W"
2019-20;ZUKANOVIC;"DS; DC"
2019-20;ZURKOWSKI;C
2020-21;ACAMPORA;"M; C"
2020-21;ACERBI;DC
2020-21;ADEKANYE;A
2020-21;ADJAPONG;"DD; E"
2020-21;ADORANTE;PC
2020-21;ADRIEN SILVA;C
2020-21;AGOUME;C
2020-21;AGUDELO;"C; T"
2020-21;AKPA AKPRO;"M; C"
2020-21;ALASTRA;Por
2020-21;ALEX SANDRO;"DS; E"
2020-21;ALIA;Por
2020-21;AMIONE;DC
2020-21;AMRABAT;"M; C"
2020-21;ANDERSON D.;E
2020-21;ANKERSEN;"DD; DS; E"
2020-21;ANSALDI;"DS; E"
2020-21;ANTEI;"DD; DC"
2020-21;ARESTI;Por
2020-21;ARMINI;"DD; DS; DC"
2020-21;ARSLAN;"C; T"
2020-21;ARTHUR;C
2020-21;ASAMOAH;"DS; E"
2020-21;ASKILDSEN;C
2020-21;ASORO;A
2020-21;AUDERO;Por
2020-21;AUGELLO;"DS; E"
2020-21;AVOGADRI;Por
2020-21;AYE';PC
2020-21;AYHAN;DC
2020-21;BADELJ;"M; C"
2020-21;BADU;"M; C"
2020-21;BAKAYOKO;M
2020-21;BALDURSSON;"C; T"
2020-21;BANI;DC
2020-21;BARAK;"C; T"
2020-21;BARBA;"DS; DC"
2020-21;BARELLA;"M; C"
2020-21;BARRECA;"DS; E"
2020-21;BARROW;A
2020-21;BARTOLOMEI;"M; C"
2020-21;BASELLI;C
2020-21;BASIT;"M; C"
2020-21;BASTONI;DC
2020-21;BASTONI S.;"DS; E"
2020-21;BASTOS;DC
2020-21;BEHRAMI;M
2020-21;BELLANOVA;"DD; E"
2020-21;BELOTTI;PC
2020-21;BENALI;"C; T"
2020-21;BENASSI;"C; T"
2020-21;BENNACER;"M; C"
2020-21;BENTANCUR;C
2020-21;BERARDI;A
2020-21;BERARDI A.;Por
2020-21;BERENGUER;"W; T"
2020-21;BERESZYNSKI;"DD; E"
2020-21;BERNARDESCHI;"W; T"
2020-21;BIRAGHI;"DS; E"
2020-21;BIRASCHI;"DD; DC; E"
2020-21;BOCCHETTI;"DS; DC"
2020-21;BOER;Por
2020-21;BOGA;A
2020-21;BONAVENTURA;"C; W; T"
2020-21;BONAZZOLI;PC
2020-21;BONIFAZI;DC
2020-21;BONUCCI;DC
2020-21;BORJA VALERO;C
2020-21;BOURABIA;"M; C"
2020-21;BRADARIC;"M; C"
2020-21;BRANCOLINI;Por
2020-21;BREMER;DC
2020-21;BREZA;Por
2020-21;BROZOVIC;C
2020-21;BRUGMAN;"M; C"
2020-21;BRUNETTA;"T; A"
2020-21;BRUNO ALVES;DC
2020-21;BRUNO PERES;"DD; E"
2020-21;BUFFON;Por
2020-21;BUONGIORNO;"DS; DC"
2020-21;BUSI;"DD; E"
2020-21;CACERES;"DD; DS; DC"
2020-21;CAICEDO;PC
2020-21;CALABRESI;"DD; DC"
2020-21;CALABRIA;"DD; DS; E"
2020-21;CALAFIORI;"DS; E"
2020-21;CALDARA;DC
2020-21;CALDIROLA;"DS; DC"
2020-21;CALHANOGLU;T
2020-21;CALIGARA;C
2020-21;CALLEJON;W
2020-21;CANDREVA;"E; W"
2020-21;CAPRADOSSI;DC
2020-21;CAPRARI;A
2020-21;CAPUTO;PC
2020-21;CARBONI;"DS; DC"
2020-21;CARLES PEREZ;"W; A"
2020-21;CARNESECCHI;Por
2020-21;CASSATA;"M; C"
2020-21;CASTILLEJO;W
2020-21;CASTROVILLI;"C; T"
2020-21;CATALDI;"M; C"
2020-21;CECCHERINI;"DD; DC"
2020-21;CEPPITELLI;DC
2020-21;CERRI;PC
2020-21;CETIN;DC
2020-21;CHABOT;DC
2020-21;CHIELLINI;DC
2020-21;CHIESA;"W; A"
2020-21;CHIRICHES;"DD; DC"
2020-21;CIGARINI;"M; C"
2020-21;CIOCCI;Por
2020-21;COLLEY;DC
2020-21;COLLEY E.;A
2020-21;COLOMBI;Por
2020-21;COLOMBO;PC
2020-21;CONSIGLI;Por
2020-21;CONTI;"DD; E"
2020-21;CONTINI;Por
2020-21;CORBO;DC
2020-21;CORDAZ;Por
2020-21;CORNELIUS;PC
2020-21;CORREA;A
2020-21;COULIBALY M.;"M; C"
2020-21;CRAGNO;Por
2020-21;CRESPI;Por
2020-21;CRISCITO;"DS; DC; E"
2020-21;CRISTANTE;"M; C"
2020-21;CRISTOFORO;"M; C"
2020-21;CROCIATA;"C; T"
2020-21;CUADRADO;"DD; E"
2020-21;CUOMO;DC
2020-21;CUTRONE;PC
2020-21;CYPRIEN;"M; C"
2020-21;CZYBORRA;"DS; E"
2020-21;DA COSTA;Por
2020-21;DABO;"M; C"
2020-21;DALLE MURA;DC
2020-21;DALOT;"DD; DS; E"
2020-21;D'AMBROSIO;"DD; DC; E"
2020-21;DAMSGAARD;"W; T; A"
2020-21;DANILO;"DD; DS; E"
2020-21;DANILO LAR.;DC
2020-21;DANZI;"M; C"
2020-21;DARMIAN;"DD; DS; E"
2020-21;DAWIDOWICZ;DC
2020-21;DE LIGT;DC
2020-21;DE MAIO;DC
2020-21;DE PAUL;T
2020-21;DE ROON;"M; C"
2020-21;DE SCIGLIO;"DD; DS; E"
2020-21;DE SILVESTRI;"DD; E"
2020-21;DE VRIJ;DC
2020-21;DEFREL;A
2020-21;DEIOLA;"M; C"
2020-21;DEL PINTO;"M; C"
2020-21;DELL'ORCO;"DS; DC"
2020-21;DEMARKU;DC
2020-21;DEMIRAL;DC
2020-21;DEMME;M
2020-21;DENSWIL;"DS; DC"
2020-21;DEPAOLI;"DD; E"
2020-21;DERMAKU;DC
2020-21;DESJARDINS;Por
2020-21;DESPODOV;A
2020-21;DESTRO;PC
2020-21;DEULOFEU;"W; A"
2020-21;DEZI;"C; T"
2020-21;DI CARMINE;PC
2020-21;DI LORENZO;"DD; E"
2020-21;DIALLO;A
2020-21;DIAWARA;"M; C"
2020-21;DIAZ B.;"W; T"
2020-21;DIJKS;"DS; E"
2020-21;DIMARCO;"DS; E"
2020-21;DINI;Por
2020-21;DJIDJI;"DS; DC"
2020-21;DJIMSITI;DC
2020-21;DJURICIC;T
2020-21;DOMINGUEZ;C
2020-21;DONNARUMMA AN.;Por
2020-21;DONNARUMMA G.;Por
2020-21;DONSAH;"M; C"
2020-21;DOUGLAS COSTA;W
2020-21;DRAGOWSKI;Por
2020-21;DRAGUS;PC
2020-21;DUARTE;DC
2020-21;DUNCAN;"M; C"
2020-21;DYBALA;A
2020-21;DZEKO;PC
2020-21;EDERA;"W; A"
2020-21;EDUARDO HENRIQUE;"M; C"
2020-21;EKDAL;"M; C"
2020-21;EL SHAARAWY;"W; A"
2020-21;EL YAMIQ;DC
2020-21;ELMAS;"C; T"
2020-21;EMPEREUR;"DS; DC"
2020-21;ERIKSEN;T
2020-21;ERLIC;DC
2020-21;ESCALANTE;"M; C"
2020-21;ESPOSITO;PC
2020-21;ESTEVEZ;"C; T"
2020-21;FARAGO';"DD; E"
2020-21;FARAONI;"DD; E"
2020-21;FARELLI;Por
2020-21;FARES;E
2020-21;FARIAS;A
2020-21;FAVILLI;PC
2020-21;FAZIO;DC
2020-21;FERIGRA;DC
2020-21;FERRARI A.;"DD; DC"
2020-21;FERRARI G.;DC
2020-21;FERRER;"DD; E"
2020-21;FESTA;Por
2020-21;FORESTIERI;A
2020-21;FOULON;"DS; E"
2020-21;FRABOTTA;"DS; E"
2020-21;FRATTESI;C
2020-21;FREULER;C
2020-21;GABBIA;DC
2020-21;GABBIADINI;PC
2020-21;GAGLIANO;PC
2020-21;GAGLIARDINI;"M; C"
2020-21;GAGLIOLO;"DS; DC"
2020-21;GALABINOV;PC
2020-21;GASPARINI;Por
2020-21;GERVINHO;A
2020-21;GHIGLIONE;"DD; E"
2020-21;GHOULAM;"DS; E"
2020-21;GIGLIOTTI;"DS; DC"
2020-21;GLIK;DC
2020-21;GODIN;DC
2020-21;GOJAK;T
2020-21;GOLDANIGA;DC
2020-21;GOLEMIC;DC
2020-21;GOLLINI;Por
2020-21;GOMELT;C
2020-21;GOMEZ;"T; A"
2020-21;GORI P.;Por
2020-21;GOSENS;E
2020-21;GRASSI;C
2020-21;GUDJOHNSEN;PC
2020-21;GUNTER;DC
2020-21;GYASI;A
2020-21;HAKIMI;"DD; DS; E"
2020-21;HANDANOVIC;Por
2020-21;HARASLIN;"W; A"
2020-21;HATEBOER;"DD; E"
2020-21;HAUGE;"W; A"
2020-21;HENDERSON L.;C
2020-21;HERNANDEZ T.;"DS; E"
2020-21;HERNANI;"M; C"
2020-21;HETEMAJ;"M; C"
2020-21;HICKEY;"DD; DS; E"
2020-21;HOEDT;DC
2020-21;HYSAJ;"DD; DS; E"
2020-21;IACOPONI;"DD; DC"
2020-21;IAGO FALQUE;A
2020-21;IBANEZ;DC
2020-21;IBRAHIMOVIC;PC
2020-21;IGOR;"DS; DC"
2020-21;ILIC;"C; T"
2020-21;ILICIC;A
2020-21;IMMOBILE;PC
2020-21;IMPROTA;"W; A"
2020-21;INGLESE;PC
2020-21;INSIGNE;A
2020-21;INSIGNE R.;"W; A"
2020-21;IONITA;C
2020-21;ISMAJLI;DC
2020-21;IZZO;"DD; DC"
2020-21;JAGIELLO;C
2020-21;JAJALO;"M; C"
2020-21;JANKTO;"C; W"
2020-21;JAROSZYNSKI;"DS; DC; E"
2020-21;JOAO PEDRO;A
2020-21;JUAN JESUS;"DS; DC"
2020-21;JUWARA;A
2020-21;KALINIC;PC
2020-21;KALULU;"DD; DC"
2020-21;KARAMOH;A
2020-21;KARSDORP;"DD; E"
2020-21;KEITA B.;A
2020-21;KESSIE';"M; C"
2020-21;KHEDIRA;C
2020-21;KINGSLEY;"C; T"
2020-21;KIYINE;"C; W; T"
2020-21;KJAER;DC
2020-21;KLAVAN;DC
2020-21;KLUIVERT;W
2020-21;KOKORIN;A
2020-21;KOLAROV;"DS; DC; E"
2020-21;KOUAME';A
2020-21;KOULIBALY;DC
2020-21;KOVALENKO;T
2020-21;KRAGL;"E; W"
2020-21;KRAPIKAS;Por
2020-21;KRUNIC;"C; T"
2020-21;KUCKA;C
2020-21;KULUSEVSKI;"T; A"
2020-21;KUMBULLA;DC
2020-21;KURTIC;"C; T"
2020-21;KYRIAKOPOULOS;"DS; E"
2020-21;LA GUMINA;PC
2020-21;LADINETTI;"M; C"
2020-21;LAMMERS;PC
2020-21;LAPADULA;PC
2020-21;LASAGNA;PC
2020-21;LAURINI;"DD; E"
2020-21;LAXALT;"DS; E"
2020-21;LAZOVIC;"E; W"
2020-21;LAZZARI;E
2020-21;LEO' SENA;"M; C"
2020-21;LERAGER;"M; C"
2020-21;LERIS;"C; W"
2020-21;LETICA;Por
2020-21;LETIZIA;"DD; DS; E"
2020-21;LINETTY;C
2020-21;LIROLA;"DD; E"
2020-21;LLORENTE;PC
2020-21;LOBOTKA;"M; C"
2020-21;LOCATELLI;"M; C"
2020-21;LOPEZ M.;"W; T"
2020-21;LOVATO;DC
2020-21;LOZANO;A
2020-21;LUCAS LEIVA;"M; C"
2020-21;LUIS ALBERTO;T
2020-21;LUIZ FELIPE;DC
2020-21;LUKAKU;PC
2020-21;LUKAKU J.;E
2020-21;LUKIC;C
2020-21;LULIC;"E; C"
2020-21;LUPERTO;"DS; DC"
2020-21;LUVUMBO;A
2020-21;LYANCO;DC
2020-21;LYKOGIANNIS;"DS; E"
2020-21;MAEHLE;"DD; E"
2020-21;MAGALLAN;DC
2020-21;MAGGIO;"DD; E"
2020-21;MAGGIORE;C
2020-21;MAGNANELLI;M
2020-21;MAGNANI;DC
2020-21;MAKENGO;"M; C"
2020-21;MAKSIMOVIC;"DD; DC"
2020-21;MALCUIT;"DD; E"
2020-21;MALDINI;"T; A"
2020-21;MALES;A
2020-21;MALINOVSKYI;T
2020-21;MAN;A
2020-21;MANCINI;DC
2020-21;MANDRAGORA;"M; C"
2020-21;MANFREDINI;Por
2020-21;MANOLAS;DC
2020-21;MARCHETTI;Por
2020-21;MARCHIZZA;"DS; DC"
2020-21;MARIN;C
2020-21;MARIO RUI;"DS; E"
2020-21;MARLON;DC
2020-21;MARRONE;DC
2020-21;MARTINEZ L.;PC
2020-21;MARTINEZ QUARTA;DC
2020-21;MARUSIC;E
2020-21;MASIELLO;"DD; DC"
2020-21;MASTINU;"C; W"
2020-21;MATTIELLO;"DD; DS; E"
2020-21;MAYORAL;PC
2020-21;MAZZOTTA;"DS; E"
2020-21;MBAYE;"DD; DS; E"
2020-21;MCKENNIE;"M; C"
2020-21;MEDEL;M
2020-21;MEITE';"M; C"
2020-21;MELEGONI;C
2020-21;MERET;Por
2020-21;MERTENS;PC
2020-21;MESSIAS;A
2020-21;MIGUEL VELOSO;"M; C"
2020-21;MIHAILA;A
2020-21;MILENKOVIC;"DD; DC"
2020-21;MILIK;PC
2020-21;MILINKOVIC-SAVIC;"C; T"
2020-21;MILINKOVIC-SAVIC V.;Por
2020-21;MILLICO;A
2020-21;MIRANCHUK;"T; A"
2020-21;MIRANTE;Por
2020-21;MKHITARYAN;"T; A"
2020-21;MOJICA;E
2020-21;MOLINA N.;"DD; E"
2020-21;MOLINA S.;"E; W"
2020-21;MONCINI;PC
2020-21;MONTIEL;"T; A"
2020-21;MONTIPO';Por
2020-21;MORA;C
2020-21;MORATA;PC
2020-21;MORO;A
2020-21;MULDUR;"DD; DC; E"
2020-21;MURIEL;PC
2020-21;MURIQI;PC
2020-21;MURRU;"DS; E"
2020-21;MUSACCHIO;DC
2020-21;MUSSO;Por
2020-21;MUSTACCHIO;"E; W"
2020-21;NAINGGOLAN;"C; T"
2020-21;NANDEZ;"M; C"
2020-21;NESTOROVSKI;PC
2020-21;NICOLAS;Por
2020-21;NICOLUSSI CAVIGLIA;C
2020-21;N'KOULOU;DC
2020-21;NUYTINCK;DC
2020-21;NZOLA;PC
2020-21;OBIANG;"M; C"
2020-21;OKAKA;PC
2020-21;OLIVA;M
2020-21;ORSOLINI;"W; A"
2020-21;OSIMHEN;PC
2020-21;OSORIO;DC
2020-21;OSPINA;Por
2020-21;OUNAS;A
2020-21;OUWEJAN;"DS; E"
2020-21;PADELLI;Por
2020-21;PAJAC;"DS; E"
2020-21;PALACIO;A
2020-21;PALEARI;Por
2020-21;PALOMINO;DC
2020-21;PALUMBO;C
2020-21;PANDEV;A
2020-21;PANDUR;Por
2020-21;PARIGINI;W
2020-21;PAROLO;"M; C"
2020-21;PASALIC;"C; T"
2020-21;PASTORE;T
2020-21;PATRIC;"DD; DC; E"
2020-21;PAU LOPEZ;Por
2020-21;PAVOLETTI;PC
2020-21;PAZ;"DS; DC"
2020-21;PEDRO;"W; A"
2020-21;PEGOLO;Por
2020-21;PELLEGRINI LO.;"C; T"
2020-21;PELLEGRINI LU.;"DS; E"
2020-21;PELUSO;"DS; DC"
2020-21;PEREIRA A.;T
2020-21;PEREIRA P.;"DD; E"
2020-21;PEREIRO;"W; T; A"
2020-21;PEREYRA;"W; T"
2020-21;PERIN;Por
2020-21;PERISAN;Por
2020-21;PERISIC;"W; A"
2020-21;PEROTTI;W
2020-21;PESSINA;"C; T"
2020-21;PETAGNA;PC
2020-21;PETRICCIONE;C
2020-21;PEZZELLA GER.;DC
2020-21;PEZZELLA GIU.;"DS; E"
2020-21;PICCINI;"DD; E"
2020-21;PICCOLI;PC
2020-21;PINAMONTI;PC
2020-21;PINNA;"DD; E"
2020-21;PINSOGLIO;Por
2020-21;PIROLA;DC
2020-21;PISACANE;"DD; DS; DC"
2020-21;PJACA;A
2020-21;POBEGA;C
2020-21;POLI;"M; C"
2020-21;POLITANO;"W; A"
2020-21;PORTANOVA;C
2020-21;PRODL;DC
2020-21;PROTO;Por
2020-21;PROVEDEL;Por
2020-21;PULGAR;"M; C"
2020-21;PUSSETTO;"W; A"
2020-21;QUAGLIARELLA;PC
2020-21;RABIOT;C
2020-21;RADOVANOVIC;M
2020-21;RADU;"DS; DC"
2020-21;RADU I.;Por
2020-21;RADUNOVIC;Por
2020-21;RAFAEL;Por
2020-21;RAFAEL LEAO;A
2020-21;RAMIREZ;"W; T"
2020-21;RAMOS;"DS; E"
2020-21;RAMSEY;T
2020-21;RANOCCHIA;DC
2020-21;RASPADORI;PC
2020-21;RAUTI;PC
2020-21;RAVAGLIA;Por
2020-21;RAVAGLIA F.;Por
2020-21;REBIC;A
2020-21;RECA;"DS; E"
2020-21;REGINI;"DS; DC; E"
2020-21;REINA;Por
2020-21;RIBERY;A
2020-21;RICCARDI;"C; T"
2020-21;RICCI F.;A
2020-21;RICCI M.;"M; C"
2020-21;RINALDI;Por
2020-21;RINCON;M
2020-21;RISPOLI;"DD; E"
2020-21;RIVIERE;PC
2020-21;RODRIGO BECAO;DC
2020-21;RODRIGUEZ R.;"DS; E"
2020-21;ROG;"M; C"
2020-21;ROGERIO;"DS; E"
2020-21;ROJAS;T
2020-21;ROMAGNA;DC
2020-21;ROMAGNOLI;DC
2020-21;ROMERO;DC
2020-21;RONALDO;PC
2020-21;ROSATI;Por
2020-21;ROSSI F.;Por
2020-21;ROVELLA;"M; C"
2020-21;RRAHMANI;"DD; DS; DC"
2020-21;RUEGG;"DD; E"
2020-21;RUGANI;DC
2020-21;RUGGERI;"DS; E"
2020-21;RUIZ;"C; T"
2020-21;SAELEMAEKERS;W
2020-21;SALA;"DD; E"
2020-21;SALCEDO E.;PC
2020-21;SAMIR;"DS; DC"
2020-21;SANABRIA;PC
2020-21;SANCHEZ;A
2020-21;SANSONE;A
2020-21;SANTANDER;PC
2020-21;SANTON;"DD; DS; E"
2020-21;SAPONARA;T
2020-21;SARR M.;Por
2020-21;SAU;A
2020-21;SCAMACCA;PC
2020-21;SCHIAPPACASSE;A
2020-21;SCHIATTARELLA;"M; C"
2020-21;SCHICK;PC
2020-21;SCHONE;C
2020-21;SCHOUTEN;"M; C"
2020-21;SCOZZARELLA;"M; C"
2020-21;SCUFFET;Por
2020-21;SEGRE;C
2020-21;SENSI;C
2020-21;SEPE;Por
2020-21;SHOMURODOV;PC
2020-21;SILIGARDI;W
2020-21;SILVESTRI;Por
2020-21;SIMEONE;PC
2020-21;SIMY;PC
2020-21;SINGO;"DD; DC; E"
2020-21;SIRIGU;Por
2020-21;SKORUPSKI;Por
2020-21;SKOV OLSEN;"W; A"
2020-21;SKRINIAR;DC
2020-21;SMALLING;DC
2020-21;SOHM;M
2020-21;SORIANO;"C; T"
2020-21;SOTTIL;"W; A"
2020-21;SPINAZZOLA;"DD; DS; E"
2020-21;SPOLLI;DC
2020-21;SPORTIELLO;Por
2020-21;SPROCATI;W
2020-21;STRAKOSHA;Por
2020-21;STROOTMAN;"M; C"
2020-21;STRYGER LARSEN;"DD; DC; E"
2020-21;STURARO;"M; C"
2020-21;SUTALO;DC
2020-21;SVANBERG;"C; T"
2020-21;SZCZESNY;Por
2020-21;TAMEZE;"M; C"
2020-21;TATARUSANU;Por
2020-21;TELLO;"C; W"
2020-21;TEODORCZYK;PC
2020-21;TER AVEST;"DD; E"
2020-21;TERRACCIANO;Por
2020-21;TERZI;DC
2020-21;THORSBY;"M; C"
2020-21;TOLJAN;"DD; DS; E"
2020-21;TOLOI;DC
2020-21;TOMIYASU;"DD; DC"
2020-21;TOMORI;DC
2020-21;TONALI;C
2020-21;TONELLI;DC
2020-21;TRAMONI M.;W
2020-21;TRAORE' AM.;A
2020-21;TRAORE' HJ.;"C; T"
2020-21;TRIPALDELLI;"DS; E"
2020-21;TUIA;DC
2020-21;TUPTA;PC
2020-21;TURATI;Por
2020-21;UJKANI;Por
2020-21;VAGIANNIDIS;"DD; E"
2020-21;VALENTI;DC
2020-21;VAVRO;DC
2020-21;VECINO;"M; C"
2020-21;VENUTI;"DD; DS; E"
2020-21;VERDE;A
2020-21;VERDI;"W; T; A"
2020-21;VERETOUT;C
2020-21;VERRE;"C; T"
2020-21;VICARIO;Por
2020-21;VIDAL;C
2020-21;VIEIRA;"M; C"
2020-21;VIGNALI;"DD; E"
2020-21;VIGNATO;"T; A"
2020-21;VILLAR;C
2020-21;VIOLA;C
2020-21;VLAHOVIC;PC
2020-21;VOJVODA;"DD; E"
2020-21;VOLTA;DC
2020-21;VULIC;"C; T"
2020-21;WALACE;M
2020-21;WALLACE;DC
2020-21;WALUKIEWICZ;DC
2020-21;YOSHIDA;DC
2020-21;YOUNG;"DD; DS; E"
2020-21;ZACCAGNI;"C; T"
2020-21;ZAJC;T
2020-21;ZANELLATO;C
2020-21;ZANIOLO;T
2020-21;ZAPATA C.;DC
2020-21;ZAPATA D.;PC
2020-21;ZAPPA;"DD; E"
2020-21;ZAPPACOSTA;"DD; E"
2020-21;ZAZA;PC
2020-21;ZEEGELAAR;"DS; E"
2020-21;ZIELINSKI;"C; T"
2020-21;ZIMA;Por
2020-21;ZOET;Por
2021-22;ABRAHAM;PC
2021-22;ACERBI;DC
2021-22;ADAMONIS;Por
2021-22;ADRIEN SILVA;"M; C"
2021-22;AFENA-GYAN;PC
2021-22;AGUDELO;"T; A"
2021-22;AINA;E
2021-22;AKPA AKPRO;"M; C"
2021-22;ALEX SANDRO;"DS; E"
2021-22;ALTARE;DC
2021-22;AMIAN;"DD; DC"
2021-22;AMIRI;"C; W; T"
2021-22;AMPADU;DC
2021-22;AMRABAT;"M; C"
2021-22;ANDERSON A.;T
2021-22;ANDRENACCI;Por
2021-22;ANSALDI;E
2021-22;ANTISTE;A
2021-22;ARAMU;"W; T"
2021-22;ARESTI;Por
2021-22;ARNAUTOVIC;PC
2021-22;ARSLAN;"M; C"
2021-22;ARTHUR;"M; C"
2021-22;ASKILDSEN;C
2021-22;ASLLANI;"M; C"
2021-22;AUDERO;Por
2021-22;AUGELLO;"DS; E"
2021-22;AYA;DC
2021-22;AYHAN;"DD; DC"
2021-22;BADELJ;"M; C"
2021-22;BAJRAMI;T
2021-22;BAKAYOKO;M
2021-22;BALLO-TOURE';"DS; E"
2021-22;BANDINELLI;C
2021-22;BANI;DC
2021-22;BARAK;T
2021-22;BARDI;Por
2021-22;BARELLA;C
2021-22;BARROW;A
2021-22;BASELLI;C
2021-22;BASIC;"M; C"
2021-22;BASTONI;DC
2021-22;BASTONI S.;"DS; E"
2021-22;BEHRAMI;M
2021-22;BELEC;Por
2021-22;BELLANOVA;"DD; E"
2021-22;BELOTTI;PC
2021-22;BENASSI;"C; T"
2021-22;BENNACER;"M; C"
2021-22;BENTANCUR;C
2021-22;BERARDI;A
2021-22;BERARDI A.;Por
2021-22;BERESZYNSKI;"DD; E"
2021-22;BERISHA;Por
2021-22;BERNARDESCHI;"W; T"
2021-22;BERTINATO;Por
2021-22;BESSA;"C; T"
2021-22;BETO;PC
2021-22;BIANCHI F.;PC
2021-22;BIANCO;"M; C"
2021-22;BINKS;DC
2021-22;BIRAGHI;"DS; E"
2021-22;BIRASCHI;"DD; DC; E"
2021-22;BJARKASON;"W; T; A"
2021-22;BOCALON;PC
2021-22;BOER;Por
2021-22;BOGA;A
2021-22;BOGDAN;DC
2021-22;BONAVENTURA;"C; W; T"
2021-22;BONAZZOLI;PC
2021-22;BONIFAZI;DC
2021-22;BONUCCI;DC
2021-22;BOURABIA;"M; C"
2021-22;BOVE;C
2021-22;BREKALO;A
2021-22;BREMER;DC
2021-22;BROZOVIC;"M; C"
2021-22;BUKSA;PC
2021-22;BUONGIORNO;"DS; DC"
2021-22;BUSIO;C
2021-22;CABRAL;PC
2021-22;CACERES;"DD; DS; DC"
2021-22;CAICEDO;PC
2021-22;CALABRIA;"DD; E"
2021-22;CALAFIORI;"DS; E"
2021-22;CALDARA;DC
2021-22;CALHANOGLU;T
2021-22;CALLEJON;W
2021-22;CAMBIASO;"DD; DS; E"
2021-22;CANCELLIERI;A
2021-22;CANDREVA;W
2021-22;CANGIANO;A
2021-22;CAPEZZI;"M; C"
2021-22;CAPRARI;A
2021-22;CAPUTO;PC
2021-22;CARBONI;"DS; DC"
2021-22;CARLES PEREZ;"W; A"
2021-22;CASALE;"DD; DC"
2021-22;CASSATA;"M; C"
2021-22;CASTILLEJO;W
2021-22;CASTROVILLI;"C; T"
2021-22;CATALDI;"M; C"
2021-22;CECCARONI;"DS; DC"
2021-22;CECCHERINI;"DD; DC"
2021-22;CEIDE;"W; A"
2021-22;CEPPITELLI;DC
2021-22;CETER;PC
2021-22;CETIN;DC
2021-22;CHABOT;DC
2021-22;CHIELLINI;DC
2021-22;CHIESA;"W; A"
2021-22;CHIRICHES;"DD; DC"
2021-22;CIERVO;"W; A"
2021-22;COLLEY;DC
2021-22;COLLEY E.;A
2021-22;CONSIGLI;Por
2021-22;CONTI;"DD; E"
2021-22;CORDAZ;Por
2021-22;CORREA;A
2021-22;COULIBALY L.;"M; C"
2021-22;COULIBALY M.;"M; C"
2021-22;CRAGNO;Por
2021-22;CRISCITO;"DS; DC; E"
2021-22;CRISTANTE;"M; C"
2021-22;CRNIGOJ;"C; W"
2021-22;CUADRADO;"DD; E"
2021-22;CUISANCE;"C; T"
2021-22;CUTRONE;PC
2021-22;DALBERT;"DS; E"
2021-22;D'AMBROSIO;"DD; DS; DC"
2021-22;DAMIANI;"M; C"
2021-22;DAMSGAARD;"W; T; A"
2021-22;DANILO;"DD; DS; E"
2021-22;DARBOE;"M; C"
2021-22;DARMIAN;E
2021-22;DAWIDOWICZ;DC
2021-22;DE LIGT;DC
2021-22;DE MAIO;DC
2021-22;DE ROON;"M; C"
2021-22;DE SCIGLIO;"DD; DS; E"
2021-22;DE SILVESTRI;"DD; E"
2021-22;DE VRIJ;DC
2021-22;DE WINTER;"DD; DC"
2021-22;DEFREL;A
2021-22;DEIOLA;"M; C"
2021-22;DELLI CARRI;DC
2021-22;DEMIRAL;DC
2021-22;DEMME;M
2021-22;DEPAOLI;"DD; E"
2021-22;DESTRO;PC
2021-22;DEULOFEU;A
2021-22;DEZI;"C; T"
2021-22;DI FRANCESCO F.;"W; A"
2021-22;DI LORENZO;"DD; E"
2021-22;DI TACCHIO;"M; C"
2021-22;DIAWARA;"M; C"
2021-22;DIAZ B.;"W; T"
2021-22;DIJKS;"DS; E"
2021-22;DIMARCO;"DS; E"
2021-22;DJIDJI;"DS; DC"
2021-22;DJIMSITI;DC
2021-22;DJURIC;PC
2021-22;DJURICIC;T
2021-22;DOMINGUEZ;"M; C"
2021-22;DRAGOWSKI;Por
2021-22;DRAGUSIN;DC
2021-22;DUMFRIES;E
2021-22;DUNCAN;"M; C"
2021-22;DYBALA;A
2021-22;DZEKO;PC
2021-22;EBUEHI;"DD; E"
2021-22;EDERA;"W; A"
2021-22;EKDAL;"M; C"
2021-22;EKUBAN;A
2021-22;EL SHAARAWY;"W; A"
2021-22;ELMAS;"C; T"
2021-22;ERLIC;DC
2021-22;ESCALANTE;"M; C"
2021-22;FALCONE;Por
2021-22;FARAGO';"DD; E"
2021-22;FARAONI;"DD; E"
2021-22;FARES;"DS; E"
2021-22;FARIAS;A
2021-22;FELIPE ANDERSON;"W; A"
2021-22;FERRARI A.;"DD; DC"
2021-22;FERRARI G.;DC
2021-22;FERRER;"DD; E"
2021-22;FIAMOZZI;"DD; E"
2021-22;FIORDILINO;"M; C"
2021-22;FIORILLO;Por
2021-22;FLORENZI;"DD; E"
2021-22;FORESTIERI;A
2021-22;FORTE;PC
2021-22;FRABOTTA;"DS; E"
2021-22;FRATTESI;C
2021-22;FRENDRUP;"M; C"
2021-22;FREULER;C
2021-22;FURLAN;Por
2021-22;FUZATO;Por
2021-22;GABBIA;DC
2021-22;GABBIADINI;A
2021-22;GAGLIARDINI;"M; C"
2021-22;GAGLIOLO;"DS; DC"
2021-22;GEMELLO;Por
2021-22;GHIGLIONE;"DD; E"
2021-22;GHOULAM;"DS; E"
2021-22;GIROUD;PC
2021-22;GODIN;DC
2021-22;GOLDANIGA;DC
2021-22;GONZALEZ N.;A
2021-22;GOSENS;E
2021-22;GRASSI;C
2021-22;GUNTER;DC
2021-22;GYASI;A
2021-22;GYOMBER;DC
2021-22;HAAS;C
2021-22;HANDANOVIC;Por
2021-22;HAPS;"DS; E"
2021-22;HARROUI;"M; C"
2021-22;HATEBOER;E
2021-22;HENDERSON L.;C
2021-22;HENRY;PC
2021-22;HERNANDEZ T.;"DS; E"
2021-22;HERNANI;"M; C"
2021-22;HEYMANS;"W; T"
2021-22;HICKEY;"DS; E"
2021-22;HOLM;"DD; E"
2021-22;HONGLA;"M; C"
2021-22;HRISTOV;DC
2021-22;HYSAJ;"DD; DS; E"
2021-22;IBANEZ;DC
2021-22;IBRAHIMOVIC;PC
2021-22;IGOR;"DS; DC"
2021-22;IHATTAREN;"W; T"
2021-22;IKONE';"W; A"
2021-22;ILIC;"C; T"
2021-22;ILICIC;A
2021-22;IMMOBILE;PC
2021-22;INSIGNE;A
2021-22;ISMAJLI;DC
2021-22;IZZO;"DD; DC"
2021-22;JAJALO;"M; C"
2021-22;JAROSZYNSKI;"DS; E"
2021-22;JOAO PEDRO;A
2021-22;JOHNSEN;A
2021-22;JUAN JESUS;"DS; DC"
2021-22;KAIO JORGE;PC
2021-22;KALINIC;PC
2021-22;KALLON;A
2021-22;KALULU;"DD; DC"
2021-22;KAMENOVIC;"DS; E"
2021-22;KARSDORP;"DD; E"
2021-22;KASTANOS;"C; T"
2021-22;KEAN;PC
2021-22;KECHRIDA;"DD; E"
2021-22;KEITA B.;A
2021-22;KESSIE';"M; C"
2021-22;KINGSLEY;"M; C"
2021-22;KIWIOR;"DS; DC"
2021-22;KIYINE;"C; W; T"
2021-22;KJAER;DC
2021-22;KOKORIN;PC
2021-22;KOLAROV;"DS; DC"
2021-22;KOOPMEINERS;"M; C"
2021-22;KOULIBALY;DC
2021-22;KOVALENKO;T
2021-22;KRUNIC;"C; T"
2021-22;KULUSEVSKI;"W; T"
2021-22;KUMBULLA;DC
2021-22;KYRIAKOPOULOS;"DS; E"
2021-22;LA MANTIA;PC
2021-22;LADINETTI;"M; C"
2021-22;LASAGNA;PC
2021-22;LAZETIC;PC
2021-22;LAZOVIC;"E; W"
2021-22;LAZZARI;"DD; E"
2021-22;LEO' SENA;"M; C"
2021-22;LEZZERINI;Por
2021-22;LINETTY;C
2021-22;LOBOTKA;"M; C"
2021-22;LOCATELLI;"M; C"
2021-22;LOPEZ M.;"C; T"
2021-22;LOVATO;DC
2021-22;LOZANO;A
2021-22;LUCAS LEIVA;"M; C"
2021-22;LUIS ALBERTO;T
2021-22;LUIZ FELIPE;DC
2021-22;LUKIC;"C; T"
2021-22;LUPERTO;"DS; DC"
2021-22;LYKOGIANNIS;"DS; E"
2021-22;MAEHLE;E
2021-22;MAENPAA;Por
2021-22;MAGGIORE;C
2021-22;MAGNANELLI;M
2021-22;MAGNANI;DC
2021-22;MAIGNAN;Por
2021-22;MAITLAND-NILES;"DD; E"
2021-22;MAKENGO;"M; C"
2021-22;MAKSIMOVIC;"DD; DC"
2021-22;MALCUIT;"DD; E"
2021-22;MALDINI;"T; A"
2021-22;MALEH;C
2021-22;MALINOVSKYI;T
2021-22;MANAJ;PC
2021-22;MANCINI;DC
2021-22;MANCUSO;PC
2021-22;MANDRAGORA;"M; C"
2021-22;MANOLAS;DC
2021-22;MARCHETTI;Por
2021-22;MARCHIZZA;"DS; DC"
2021-22;MARFELLA;Por
2021-22;MARIN;C
2021-22;MARIO RUI;"DS; E"
2021-22;MARTINEZ L.;PC
2021-22;MARTINEZ QUARTA;DC
2021-22;MARUSIC;"DD; DS; E"
2021-22;MASIELLO;"DD; DC"
2021-22;MATHEUS HENRIQUE;"M; C"
2021-22;MAYORAL;PC
2021-22;MAZZOCCHI;"DD; E"
2021-22;MBAYE;"DD; DS; E"
2021-22;MCKENNIE;C
2021-22;MEDEL;M
2021-22;MELEGONI;C
2021-22;MERET;Por
2021-22;MERTENS;A
2021-22;MESSIAS;"W; T"
2021-22;MIGUEL VELOSO;"M; C"
2021-22;MIHAILA;A
2021-22;MILENKOVIC;"DD; DC"
2021-22;MILINKOVIC-SAVIC;"C; T"
2021-22;MILINKOVIC-SAVIC V.;Por
2021-22;MIRANCHUK;"T; A"
2021-22;MKHITARYAN;"T; A"
2021-22;MODOLO;DC
2021-22;MOLINA N.;"DD; E"
2021-22;MOLINARO;"DS; E"
2021-22;MOLLA;Por
2021-22;MONTIPO';Por
2021-22;MORATA;PC
2021-22;MORO;A
2021-22;MRAZ;PC
2021-22;MULDUR;"DD; E"
2021-22;MUNTEANU;PC
2021-22;MURIEL;PC
2021-22;MURIQI;PC
2021-22;MURRU;"DS; E"
2021-22;MUSSO;Por
2021-22;NANDEZ;"E; M"
2021-22;NASTASIC;DC
2021-22;NESTOROVSKI;PC
2021-22;NIKOLAOU;DC
2021-22;NSAME;PC
2021-22;NUYTINCK;DC
2021-22;NZOLA;PC
2021-22;OBERT;DC
2021-22;OBI;"M; C"
2021-22;OBIANG;"M; C"
2021-22;ODDEI;A
2021-22;ODRIOZOLA;"DD; E"
2021-22;OKAKA;PC
2021-22;OKEREKE;A
2021-22;OLIVA;M
2021-22;OLIVEIRA;C
2021-22;ORSOLINI;"W; A"
2021-22;OSIMHEN;PC
2021-22;OSPINA;Por
2021-22;OUNAS;A
2021-22;PADELLI;Por
2021-22;PALOMINO;DC
2021-22;PALUMBO;C
2021-22;PANDEV;A
2021-22;PANDUR;Por
2021-22;PARISI;"DS; E"
2021-22;PASALIC;"C; T"
2021-22;PATRIC;"DD; DC; E"
2021-22;PAVOLETTI;PC
2021-22;PECILE;M
2021-22;PEDRO;A
2021-22;PEGOLO;Por
2021-22;PELLEGRI;PC
2021-22;PELLEGRINI LO.;"C; T"
2021-22;PELLEGRINI LU.;"DS; E"
2021-22;PELUSO;"DS; DC"
2021-22;PEREIRO;"W; T"
2021-22;PERETZ;"M; C"
2021-22;PEREYRA;"W; T"
2021-22;PEREZ N.;DC
2021-22;PERIN;Por
2021-22;PERISIC;"E; W"
2021-22;PESSINA;"C; T"
2021-22;PETAGNA;PC
2021-22;PEZZELLA GIU.;E
2021-22;PIATEK;PC
2021-22;PICCOLI;PC
2021-22;PINAMONTI;PC
2021-22;PINSOGLIO;Por
2021-22;PJACA;A
2021-22;PLIZZARI;Por
2021-22;POBEGA;C
2021-22;POLITANO;"W; A"
2021-22;PORTANOVA;"C; T"
2021-22;PRAET;"C; T"
2021-22;PROVEDEL;Por
2021-22;PULGAR;"M; C"
2021-22;PUSSETTO;"W; A"
2021-22;QUAGLIARELLA;PC
2021-22;RABIOT;C
2021-22;RADOVANOVIC;DC
2021-22;RADU;"DS; DC"
2021-22;RADU I.;Por
2021-22;RADUNOVIC;Por
2021-22;RAFAEL LEAO;A
2021-22;RAMSEY;T
2021-22;RANIERI L.;"DS; DC"
2021-22;RANOCCHIA;DC
2021-22;RASPADORI;PC
2021-22;RAVAGLIA;Por
2021-22;REBIC;A
2021-22;RECA;"DS; E"
2021-22;REINA;Por
2021-22;REYNOLDS;"DD; E"
2021-22;RIBERY;A
2021-22;RICCI S.;"M; C"
2021-22;RINCON;M
2021-22;RODRIGO BECAO;DC
2021-22;RODRIGUEZ R.;"DS; E"
2021-22;ROG;"M; C"
2021-22;ROGERIO;"DS; E"
2021-22;ROMAGNA;DC
2021-22;ROMAGNOLI;DC
2021-22;ROMAGNOLI S.;DC
2021-22;ROMERO L.;"W; T"
2021-22;ROSATI;Por
2021-22;ROSSI F.;Por
2021-22;ROVELLA;"M; C"
2021-22;RRAHMANI;DC
2021-22;RUEGG;"DD; E"
2021-22;RUGANI;DC
2021-22;RUGGERI;"DS; E"
2021-22;RUI PATRICIO;Por
2021-22;RUIZ;"C; T"
2021-22;SABELLI;"DD; E"
2021-22;SAELEMAEKERS;W
2021-22;SALA;"DD; E"
2021-22;SALCEDO E.;PC
2021-22;SAMARDZIC;T
2021-22;SAMIR;"DS; DC"
2021-22;SANABRIA;PC
2021-22;SANCHEZ;A
2021-22;SANSONE;A
2021-22;SANTANDER;PC
2021-22;SAPONARA;"W; T"
2021-22;SATALINO;Por
2021-22;SATRIANO;PC
2021-22;SCALVINI;DC
2021-22;SCAMACCA;PC
2021-22;SCHIAVONE;"M; C"
2021-22;SCHNEGG;"DS; E"
2021-22;SCHOUTEN;"M; C"
2021-22;SEMPER;Por
2021-22;SENSI;C
2021-22;SERPE;DC
2021-22;SHER;"M; C"
2021-22;SHOMURODOV;PC
2021-22;SIGURDSSON A.;"W; T"
2021-22;SILVESTRI;Por
2021-22;SIMEONE;PC
2021-22;SIMY;PC
2021-22;SINGO;E
2021-22;SIRIGU;Por
2021-22;SKORUPSKI;Por
2021-22;SKOV OLSEN;"W; A"
2021-22;SKRINIAR;DC
2021-22;SMALLING;DC
2021-22;SOPPY;"DD; DC; E"
2021-22;SORIANO;T
2021-22;SOTTIL;"W; A"
2021-22;SOUMAORO;DC
2021-22;SPINAZZOLA;"DS; E"
2021-22;SPORTIELLO;Por
2021-22;STOJANOVIC;"DD; E"
2021-22;STRAKOSHA;Por
2021-22;STRANDBERG;DC
2021-22;STRELEC;PC
2021-22;STROOTMAN;"M; C"
2021-22;STRYGER LARSEN;"DD; E"
2021-22;STULAC;"M; C"
2021-22;STURARO;"M; C"
2021-22;SUCCESS;A
2021-22;SUTALO;DC
2021-22;SVANBERG;C
2021-22;SVOBODA;DC
2021-22;SZCZESNY;Por
2021-22;TAMEZE;"M; C"
2021-22;TATARUSANU;Por
2021-22;TERRACCIANO;Por
2021-22;TERZIC;"DS; E"
2021-22;TESSMANN;"M; C"
2021-22;THEATE;DC
2021-22;THORSBY;"M; C"
2021-22;TOLJAN;"DD; DS; E"
2021-22;TOLOI;DC
2021-22;TOMORI;DC
2021-22;TONALI;"M; C"
2021-22;TONELLI;DC
2021-22;TORREGROSSA;PC
2021-22;TORREIRA;"M; C"
2021-22;TOURE' A.;M
2021-22;TRAORE' HJ.;T
2021-22;UDOGIE;"DS; E; M"
2021-22;UJKANI;Por
2021-22;VACCA;M
2021-22;VAN HOOIJDONK;PC
2021-22;VANHEUSDEN;DC
2021-22;VASQUEZ;DC
2021-22;VAVRO;DC
2021-22;VECINO;"M; C"
2021-22;VENUTI;"DD; DS; E"
2021-22;VERDE;A
2021-22;VERDI;"W; T"
2021-22;VERETOUT;C
2021-22;VERGANI;PC
2021-22;VERRE;"C; T"
2021-22;VESELI;"DD; DS; DC"
2021-22;VICARIO;Por
2021-22;VIDAL;C
2021-22;VIEIRA;"M; C"
2021-22;VIGNATO;"W; T"
2021-22;VILLAR;"M; C"
2021-22;VINA;"DS; E"
2021-22;VITI;DC
2021-22;VLAHOVIC;PC
2021-22;VOJVODA;E
2021-22;WALACE;M
2021-22;WALUKIEWICZ;DC
2021-22;WARMING;A
2021-22;YEPES;M
2021-22;YOSHIDA;DC
2021-22;ZACCAGNI;"T; A"
2021-22;ZAKARIA;M
2021-22;ZALEWSKI;"W; T"
2021-22;ZAMBO ANGUISSA;"M; C"
2021-22;ZANIOLO;"W; T"
2021-22;ZANOLI;"DD; DS; E"
2021-22;ZAPATA D.;PC
2021-22;ZAPPA;"DD; E"
2021-22;ZAPPACOSTA;E
2021-22;ZAZA;PC
2021-22;ZEEGELAAR;"DS; E"
2021-22;ZIELINSKI;"C; T"
2021-22;ZIMA;DC
2021-22;ZOET;Por
2021-22;ZORTEA;"DD; DS; E"
2021-22;ZOVKO;Por
2021-22;ZURKOWSKI;C
2022-23;ABRAHAM;PC
2022-23;ACERBI;DC
2022-23;ADAMONIS;Por
2022-23;ADLI;T
2022-23;ADOPO;DC
2022-23;AEBISCHER;C
2022-23;AFENA-GYAN;A
2022-23;AGOUME;"M; C"
2022-23;AGUDELO;"T; A"
2022-23;AINA;E
2022-23;AIWU;DC
2022-23;ALEX SANDRO;"DS; E"
2022-23;ALVAREZ A.;PC
2022-23;AMEY;"DD; DC"
2022-23;AMIAN;"DD; DC"
2022-23;AMIONE;"DS; DC"
2022-23;AMPADU;DC
2022-23;AMRABAT;"M; C"
2022-23;ANTISTE;A
2022-23;ANTOV;DC
2022-23;ARNAUTOVIC;PC
2022-23;ARSLAN;"M; C"
2022-23;ARTHUR;"M; C"
2022-23;ASCACIBAR;"M; C"
2022-23;ASKILDSEN;C
2022-23;ASLLANI;"M; C"
2022-23;AUDERO;Por
2022-23;AUGELLO;"DS; E"
2022-23;AYHAN;"DD; DC"
2022-23;BAEZ;"E; W"
2022-23;BAGNOLINI;Por
2022-23;BAJRAMI;T
2022-23;BAKAYOKO;M
2022-23;BALDANZI;"T; A"
2022-23;BALLO-TOURE';"DS; E"
2022-23;BANDA;A
2022-23;BANDINELLI;C
2022-23;BARAK;T
2022-23;BARBERIS;"M; C"
2022-23;BARDI;Por
2022-23;BARELLA;C
2022-23;BARROW;A
2022-23;BARTOLOMEI;C
2022-23;BASCHIROTTO;"DD; DS; DC"
2022-23;BASIC;C
2022-23;BASTONI;DC
2022-23;BASTONI S.;"E; C"
2022-23;BAYEYE;E
2022-23;BELLANOVA;E
2022-23;BELOTTI;PC
2022-23;BENASSI;C
2022-23;BENKOVIC;DC
2022-23;BENNACER;"M; C"
2022-23;BERARDI;A
2022-23;BERARDI A.;Por
2022-23;BERESZYNSKI;"DD; E"
2022-23;BERISHA;Por
2022-23;BERTOLA;DC
2022-23;BETO;PC
2022-23;BIANCHETTI;"DD; DC"
2022-23;BIJOL;DC
2022-23;BIRAGHI;"DS; E"
2022-23;BIRINDELLI;"DD; DS; E"
2022-23;BISTROVIC;"C; T"
2022-23;BJORKENGREN;"M; C"
2022-23;BLEVE;Por
2022-23;BLIN;"M; C"
2022-23;BOER;Por
2022-23;BOGA;"W; A"
2022-23;BOHINEN;"M; C"
2022-23;BONAVENTURA;"C; W; T"
2022-23;BONAZZOLI;PC
2022-23;BONDO;"C; T"
2022-23;BONIFAZI;DC
2022-23;BONUCCI;DC
2022-23;BOTHEIM;PC
2022-23;BOURABIA;"M; C"
2022-23;BOVE;C
2022-23;BRADARIC;"DS; E"
2022-23;BRANCOLINI;Por
2022-23;BREMER;DC
2022-23;BRONN;"DD; DC"
2022-23;BROZOVIC;"M; C"
2022-23;BUONAIUTO;A
2022-23;BUONGIORNO;"DS; DC"
2022-23;BUTA;"DS; E"
2022-23;CABAL;"DS; DC"
2022-23;CABRAL;PC
2022-23;CACACE;"DS; E"
2022-23;CALABRIA;"DD; E"
2022-23;CALAFIORI;"DS; E"
2022-23;CALDARA;DC
2022-23;CALDIROLA;"DS; DC"
2022-23;CALHANOGLU;T
2022-23;CAMARA MA.;"M; C"
2022-23;CAMBIAGHI;A
2022-23;CAMBIASO;"DD; DS; E"
2022-23;CANCELLIERI;A
2022-23;CANDREVA;W
2022-23;CAPEZZI;"M; C"
2022-23;CAPRADOSSI;DC
2022-23;CAPRARI;A
2022-23;CAPUTO;PC
2022-23;CARBONI;"DS; DC"
2022-23;CARLOS AUGUSTO;"DS; E"
2022-23;CARNESECCHI;Por
2022-23;CASALE;"DD; DC"
2022-23;CASTAGNETTI;"M; C"
2022-23;CASTROVILLI;"C; T"
2022-23;CATALDI;"M; C"
2022-23;CAVION;C
2022-23;CECCHERINI;"DD; DC"
2022-23;CEESAY;PC
2022-23;CEIDE;"W; A"
2022-23;CELIK;"DD; E"
2022-23;CEROFOLINI;Por
2022-23;CETIN;DC
2022-23;CHIESA;"W; A"
2022-23;CHIESA M.;Por
2022-23;CHIRICHES;DC
2022-23;CIEZKOWSKI;Por
2022-23;CIOFANI D.;PC
2022-23;CIURRIA;"T; A"
2022-23;COLLEY;DC
2022-23;COLOMBO;PC
2022-23;COLPANI;"C; T"
2022-23;CONSIGLI;Por
2022-23;CONTI;"DD; E"
2022-23;CONTINI;Por
2022-23;COPPOLA D.;DC
2022-23;CORDAZ;Por
2022-23;CORREA;A
2022-23;CORTINOVIS;"C; T"
2022-23;COULIBALY L.;"M; C"
2022-23;CRAGNO;Por
2022-23;CRISTANTE;"M; C"
2022-23;CUADRADO;"E; W"
2022-23;D'ALESSANDRO;"E; W"
2022-23;D'AMBROSIO;"DD; DS; DC"
2022-23;DANILO;"DD; DS; E"
2022-23;DARBOE;"M; C"
2022-23;DARMIAN;E
2022-23;DAWIDOWICZ;DC
2022-23;DE KETELAERE;"T; A"
2022-23;DE LUCA;PC
2022-23;DE ROON;M
2022-23;DE SCIGLIO;"DD; DS; E"
2022-23;DE SILVESTRI;"DD; E"
2022-23;DE VRIJ;DC
2022-23;DE WINTER;"DD; DC"
2022-23;DEFREL;A
2022-23;DEMIRAL;DC
2022-23;DEMME;M
2022-23;DEPAOLI;"DD; E"
2022-23;DERMAKU;DC
2022-23;DESSERS;PC
2022-23;DEST;"DD; DS; E"
2022-23;DESTRO;PC
2022-23;DEULOFEU;A
2022-23;DI CARMINE;PC
2022-23;DI FRANCESCO F.;A
2022-23;DI GREGORIO;Por
2022-23;DI LORENZO;"DD; E"
2022-23;DI MARIA;A
2022-23;DIA;PC
2022-23;DIAWARA;"M; C"
2022-23;DIAZ B.;"W; T"
2022-23;DIJKS;"DS; E"
2022-23;DIMARCO;"DS; DC; E"
2022-23;DJIDJI;"DD; DS; DC"
2022-23;DJIMSITI;DC
2022-23;DJURIC;PC
2022-23;DJURICIC;"W; T"
2022-23;DODO';"DD; E"
2022-23;DOIG;"DS; E"
2022-23;DOMINGUEZ;"M; C"
2022-23;DONATI;"DD; DC"
2022-23;DRAGOWSKI;Por
2022-23;DUMFRIES;E
2022-23;DUNCAN;"M; C"
2022-23;DYBALA;A
2022-23;DZEKO;PC
2022-23;EBOSELE;"DD; E"
2022-23;EBOSSE;"DS; E"
2022-23;EBUEHI;"DD; E"
2022-23;EDERA;"W; A"
2022-23;EDERSON D.S.;"C; T"
2022-23;EKDAL;"M; C"
2022-23;EL SHAARAWY;"W; A"
2022-23;ELMAS;"C; T"
2022-23;ERLIC;DC
2022-23;ESCALANTE;"M; C"
2022-23;FAGIOLI;"C; T"
2022-23;FALCONE;Por
2022-23;FARAONI;"DD; E"
2022-23;FAZIO;DC
2022-23;FELIPE ANDERSON;"W; A"
2022-23;FERGUSON;"C; T"
2022-23;FERRARI A.;"DD; DC"
2022-23;FERRARI G.;DC
2022-23;FERRER;"DD; DS; E"
2022-23;FIORDALISO;"DD; DC"
2022-23;FIORILLO;Por
2022-23;FLORENZI;"DD; E"
2022-23;FRABOTTA;"DS; E"
2022-23;FRATTESI;C
2022-23;GABBIA;DC
2022-23;GABBIADINI;A
2022-23;GAETANO;"C; T"
2022-23;GAGLIARDINI;"M; C"
2022-23;GALLO;"DS; E"
2022-23;GATTI;DC
2022-23;GEMELLO;Por
2022-23;GENDREY;"DD; DC"
2022-23;GHIGLIONE;"DD; E"
2022-23;GILA;DC
2022-23;GIROUD;PC
2022-23;GOLLINI;Por
2022-23;GONZALEZ J.;C
2022-23;GONZALEZ N.;A
2022-23;GOSENS;E
2022-23;GRASSI;"M; C"
2022-23;GUNTER;DC
2022-23;GYASI;"W; A"
2022-23;GYOMBER;DC
2022-23;GYTKJAER;PC
2022-23;HAAS;C
2022-23;HANDANOVIC;Por
2022-23;HARROUI;"M; C"
2022-23;HATEBOER;E
2022-23;HELGASON;"C; T"
2022-23;HENDERSON L.;"C; T"
2022-23;HENRY;PC
2022-23;HERNANDEZ T.;"DS; E"
2022-23;HJULMAND;"M; C"
2022-23;HOJLUND;PC
2022-23;HOLM;"DD; E"
2022-23;HONGLA;"M; C"
2022-23;HRISTOV;DC
2022-23;HYSAJ;"DD; DS; E"
2022-23;IBANEZ;DC
2022-23;IBRAHIMOVIC;PC
2022-23;IGOR;"DS; DC"
2022-23;IKONE';"W; A"
2022-23;ILIC;"C; T"
2022-23;ILICIC;A
2022-23;ILKHAN;"C; T"
2022-23;IMMOBILE;PC
2022-23;ISMAJLI;DC
2022-23;IZZO;"DD; DC"
2022-23;JAJALO;"M; C"
2022-23;JAROSZYNSKI;"DS; DC; E"
2022-23;JOVIC;PC
2022-23;JUAN JESUS;"DS; DC"
2022-23;KAIO JORGE;PC
2022-23;KALULU;"DD; DC"
2022-23;KAMENOVIC;"DS; E"
2022-23;KARSDORP;"DD; E"
2022-23;KASIUS;"DD; E"
2022-23;KASTANOS;"C; T"
2022-23;KEAN;PC
2022-23;KECHRIDA;"DD; E"
2022-23;KIM;DC
2022-23;KIWIOR;DC
2022-23;KJAER;DC
2022-23;KOKORIN;PC
2022-23;KOOPMEINERS;"C; T"
2022-23;KORNVIG;C
2022-23;KOSTIC;"E; W"
2022-23;KOUAME';A
2022-23;KOVALENKO;"C; T"
2022-23;KRUNIC;"C; T"
2022-23;KUMBULLA;DC
2022-23;KVARATSKHELIA;"W; A"
2022-23;KYRIAKOPOULOS;"DS; E"
2022-23;LAMANNA;Por
2022-23;LAMMERS;PC
2022-23;LASAGNA;PC
2022-23;LAURIENTE';A
2022-23;LAZARO;E
2022-23;LAZETIC;PC
2022-23;LAZOVIC;"E; W"
2022-23;LAZZARI;"DD; E"
2022-23;LERIS;W
2022-23;LEVERBE;DC
2022-23;LINETTY;C
2022-23;LISTKOWSKI;W
2022-23;LOBOTKA;"M; C"
2022-23;LOCATELLI;"M; C"
2022-23;LOCHOSHVILI;DC
2022-23;LOOKMAN;"W; A"
2022-23;LOPEZ M.;"M; C"
2022-23;LOVATO;DC
2022-23;LOVRIC;"C; T"
2022-23;LOZANO;A
2022-23;LUCUMI';DC
2022-23;LUIS ALBERTO;T
2022-23;LUIS MAXIMIANO;Por
2022-23;LUKAKU;PC
2022-23;LUKIC;"C; T"
2022-23;LUPERTO;"DS; DC"
2022-23;LYKOGIANNIS;"DS; E"
2022-23;MACHIN;"C; T"
2022-23;MAEHLE;E
2022-23;MAGGIORE;"C; T"
2022-23;MAGNANI;DC
2022-23;MAIGNAN;Por
2022-23;MAKENGO;"M; C"
2022-23;MALDINI;"T; A"
2022-23;MALEH;C
2022-23;MALINOVSKYI;T
2022-23;MANCINI;DC
2022-23;MANDRAGORA;"M; C"
2022-23;MARCHIZZA;"DS; DC"
2022-23;MARCOS ANTONIO;"M; C"
2022-23;MARFELLA;Por
2022-23;MARI';DC
2022-23;MARIN;"M; C"
2022-23;MARIO RUI;"DS; E"
2022-23;MARLON;DC
2022-23;MARRONE;DC
2022-23;MARTINEZ L.;PC
2022-23;MARTINEZ QUARTA;DC
2022-23;MARUSIC;"DD; DS; E"
2022-23;MASINA;"DS; DC; E"
2022-23;MATHEUS HENRIQUE;"M; C"
2022-23;MATIC;M
2022-23;MAZZOCCHI;"DD; E"
2022-23;MBAYE;"DD; DS; E"
2022-23;MCKENNIE;"C; W"
2022-23;MEDEL;DC
2022-23;MERET;Por
2022-23;MESSIAS;W
2022-23;MICAI;Por
2022-23;MIGUEL VELOSO;"M; C"
2022-23;MILANESE;"C; T"
2022-23;MILENKOVIC;"DD; DC"
2022-23;MILIK;PC
2022-23;MILINKOVIC-SAVIC;"C; T"
2022-23;MILINKOVIC-SAVIC V.;Por
2022-23;MIRANCHUK;"T; A"
2022-23;MIRANTE;Por
2022-23;MIRETTI;"C; T"
2022-23;MKHITARYAN;"T; A"
2022-23;MOLINA S.;E
2022-23;MOLLA;Por
2022-23;MONTIPO';Por
2022-23;MORO;A
2022-23;MORO N.;"M; C"
2022-23;MOTA;PC
2022-23;MULDUR;"DD; E"
2022-23;MURIEL;PC
2022-23;MURILLO;DC
2022-23;MURRU;"DS; E"
2022-23;MUSSO;Por
2022-23;NASTASIC;DC
2022-23;NDIAYE;DC
2022-23;NDOMBELE';"C; T"
2022-23;NESTOROVSKI;PC
2022-23;NGUIAMBA;"M; C"
2022-23;NIKOLAOU;DC
2022-23;NUYTINCK;DC
2022-23;NZOLA;PC
2022-23;OBIANG;"M; C"
2022-23;ODDEI;A
2022-23;OKEREKE;A
2022-23;OKOLI;DC
2022-23;OLIVERA;"DS; E"
2022-23;ONANA;Por
2022-23;ORIGI;PC
2022-23;ORSOLINI;"W; A"
2022-23;OSIMHEN;PC
2022-23;OSTIGARD;DC
2022-23;OUNAS;A
2022-23;PADELLI;Por
2022-23;PAFUNDI;"T; A"
2022-23;PALETTA;DC
2022-23;PALOMINO;DC
2022-23;PAREDES;"M; C"
2022-23;PARISI;"DS; E"
2022-23;PASALIC;T
2022-23;PATRIC;"DD; DC"
2022-23;PEDRO;A
2022-23;PEGOLO;Por
2022-23;PELLEGRI;PC
2022-23;PELLEGRINI LO.;T
2022-23;PEREYRA;"W; T"
2022-23;PEREZ N.;DC
2022-23;PERILLI;Por
2022-23;PERIN;Por
2022-23;PERISAN;Por
2022-23;PESSINA;"C; T"
2022-23;PETAGNA;PC
2022-23;PIANA;Por
2022-23;PIATEK;PC
2022-23;PICCOLI;PC
2022-23;PICKEL;M
2022-23;PINAMONTI;PC
2022-23;PINSOGLIO;Por
2022-23;PIROLA;DC
2022-23;POBEGA;"C; T"
2022-23;PODGOREANU;A
2022-23;POGBA;"C; T"
2022-23;POLITANO;"W; A"
2022-23;PONGRACIC;DC
2022-23;POSCH;"DD; DC"
2022-23;PRASZELIK;T
2022-23;PROVEDEL;Por
2022-23;PUSSETTO;"W; A"
2022-23;QUAGLIARELLA;PC
2022-23;QUAGLIATA;"DS; E"
2022-23;RABIOT;C
2022-23;RADONJIC;W
2022-23;RADOVANOVIC;DC
2022-23;RADU;"DS; DC"
2022-23;RADU I.;Por
2022-23;RAFAEL LEAO;A
2022-23;RANOCCHIA;DC
2022-23;RANOCCHIA F.;"M; C"
2022-23;RASPADORI;A
2022-23;RAVAGLIA;Por
2022-23;RAVANELLI;DC
2022-23;REBIC;A
2022-23;RECA;"DS; E"
2022-23;RETSOS;"DD; DS; DC"
2022-23;RIBERY;A
2022-23;RICCI S.;"M; C"
2022-23;RINCON;M
2022-23;RODRIGO BECAO;DC
2022-23;RODRIGUEZ P.;A
2022-23;RODRIGUEZ R.;"DS; DC; E"
2022-23;ROGERIO;"DS; E"
2022-23;ROMAGNA;DC
2022-23;ROMAGNOLI;DC
2022-23;ROMERO L.;"W; A"
2022-23;ROSSI F.;Por
2022-23;ROVELLA;"M; C"
2022-23;RRAHMANI;DC
2022-23;RUAN;DC
2022-23;RUGANI;DC
2022-23;RUGGERI;"DS; E"
2022-23;RUI PATRICIO;Por
2022-23;RUIZ;"C; T"
2022-23;RUSSO A.;Por
2022-23;SABIRI;"T; A"
2022-23;SAELEMAEKERS;W
2022-23;SALA;"E; C"
2022-23;SAMARDZIC;T
2022-23;SAMBIA;"DD; E"
2022-23;SAMEK;"M; C"
2022-23;SAMPIRISI;"DD; DC; E"
2022-23;SANABRIA;PC
2022-23;SANSONE;A
2022-23;SAPONARA;"W; T"
2022-23;SARO;Por
2022-23;SARR M.;Por
2022-23;SATRIANO;PC
2022-23;SCALVINI;DC
2022-23;SCHOUTEN;"M; C"
2022-23;SCHUURS;DC
2022-23;SCOZZARELLA;"M; C"
2022-23;SECK;"W; A"
2022-23;SENSI;"C; T"
2022-23;SEPE;Por
2022-23;SERNICOLA;"DS; DC; E"
2022-23;SHER;"M; C"
2022-23;SHOMURODOV;PC
2022-23;SILVESTRI;Por
2022-23;SIMEONE;PC
2022-23;SINGO;E
2022-23;SIRIGU;Por
2022-23;SKORUPSKI;Por
2022-23;SKRINIAR;DC
2022-23;SMALLING;DC
2022-23;SOPPY;"DD; E"
2022-23;SORIANO;"C; T"
2022-23;SORRENTINO A.;Por
2022-23;SOSA;DC
2022-23;SOTTIL;"W; A"
2022-23;SOULE';A
2022-23;SOUMAORO;DC
2022-23;SPINAZZOLA;"DS; E"
2022-23;SPORTIELLO;Por
2022-23;STOJANOVIC;"DD; E"
2022-23;STREFEZZA;W
2022-23;STRELEC;PC
2022-23;SUCCESS;A
2022-23;SVILAR;Por
2022-23;SZCZESNY;Por
2022-23;TAMEZE;"M; C"
2022-23;TATARUSANU;Por
2022-23;TENKORANG;C
2022-23;TERRACCIANO;Por
2022-23;TERRACCIANO F.;"E; M"
2022-23;TERZIC;"DS; E"
2022-23;THIAW;DC
2022-23;THORSTVEDT;"C; T"
2022-23;TOLJAN;"DD; E"
2022-23;TOLOI;DC
2022-23;TOMORI;DC
2022-23;TONALI;"M; C"
2022-23;TONELLI;DC
2022-23;TRAORE' HJ.;"W; T"
2022-23;TSADJOUT;PC
2022-23;TUIA;DC
2022-23;UDOGIE;"DS; E"
2022-23;UMTITI;DC
2022-23;VALENCIA D.;A
2022-23;VALERI;"DS; E"
2022-23;VALOTI;"C; T"
2022-23;VALZANIA;"M; C"
2022-23;VASQUEZ;"DS; DC"
2022-23;VECINO;"M; C"
2022-23;VENUTI;"DD; DS; E"
2022-23;VERDE;A
2022-23;VERDI;"W; T"
2022-23;VERRE;"C; T"
2022-23;VESELI;"DD; DS; DC"
2022-23;VICARIO;Por
2022-23;VIEIRA;"M; C"
2022-23;VIGNATO;"W; T"
2022-23;VIGNATO S.;"T; A"
2022-23;VILHENA;"E; C"
2022-23;VILLAR;"M; C"
2022-23;VINA;"DS; E"
2022-23;VLAHOVIC;PC
2022-23;VLASIC;"W; T"
2022-23;VOELKERLING PERSSON;PC
2022-23;VOJVODA;E
2022-23;VOLPATO;T
2022-23;VRANCKX;"M; C"
2022-23;WALACE;M
2022-23;WIJNALDUM;"C; T"
2022-23;WINKS;"M; C"
2022-23;YEPES;M
2022-23;ZACCAGNI;"W; A"
2022-23;ZAKARIA;M
2022-23;ZALEWSKI;"E; W"
2022-23;ZAMBO ANGUISSA;"M; C"
2022-23;ZANIMACCHIA;"W; A"
2022-23;ZANIOLO;"W; A"
2022-23;ZANOLI;"DD; E"
2022-23;ZANOTTI;"DD; E"
2022-23;ZAPATA D.;PC
2022-23;ZAPPACOSTA;E
2022-23;ZAZA;PC
2022-23;ZERBIN;"W; A"
2022-23;ZIELINSKI;"C; T"
2022-23;ZIMA;DC
2022-23;ZOET;Por
2022-23;ZORTEA;"DD; DS; E"
2022-23;ZOVKO;Por
2022-23;ZURKOWSKI;C
